-- MySQL dump 10.13  Distrib 5.7.18, for Linux (x86_64)
--
-- Host: localhost    Database: sorteio
-- ------------------------------------------------------
-- Server version	5.7.18-0ubuntu0.16.04.1

/*!40101 SET @OLD_CHARACTER_SET_CLIENT=@@CHARACTER_SET_CLIENT */;
/*!40101 SET @OLD_CHARACTER_SET_RESULTS=@@CHARACTER_SET_RESULTS */;
/*!40101 SET @OLD_COLLATION_CONNECTION=@@COLLATION_CONNECTION */;
/*!40101 SET NAMES utf8 */;
/*!40103 SET @OLD_TIME_ZONE=@@TIME_ZONE */;
/*!40103 SET TIME_ZONE='+00:00' */;
/*!40014 SET @OLD_UNIQUE_CHECKS=@@UNIQUE_CHECKS, UNIQUE_CHECKS=0 */;
/*!40014 SET @OLD_FOREIGN_KEY_CHECKS=@@FOREIGN_KEY_CHECKS, FOREIGN_KEY_CHECKS=0 */;
/*!40101 SET @OLD_SQL_MODE=@@SQL_MODE, SQL_MODE='NO_AUTO_VALUE_ON_ZERO' */;
/*!40111 SET @OLD_SQL_NOTES=@@SQL_NOTES, SQL_NOTES=0 */;

--
-- Table structure for table `tb_numeros`
--

DROP TABLE IF EXISTS `tb_numeros`;
/*!40101 SET @saved_cs_client     = @@character_set_client */;
/*!40101 SET character_set_client = utf8 */;
CREATE TABLE `tb_numeros` (
  `id` int(11) NOT NULL AUTO_INCREMENT,
  `numeros` int(11) DEFAULT NULL,
  `sorteado` int(2) DEFAULT '0',
  `data` datetime DEFAULT NULL,
  PRIMARY KEY (`id`)
) ENGINE=InnoDB AUTO_INCREMENT=227 DEFAULT CHARSET=latin1;
/*!40101 SET character_set_client = @saved_cs_client */;

--
-- Dumping data for table `tb_numeros`
--

LOCK TABLES `tb_numeros` WRITE;
/*!40000 ALTER TABLE `tb_numeros` DISABLE KEYS */;
INSERT INTO `tb_numeros` VALUES (1,1,0,NULL),(2,2,0,NULL),(3,3,1,'2017-07-07 14:50:11'),(4,4,0,NULL),(5,5,0,NULL),(6,6,0,NULL),(7,7,0,NULL),(8,8,0,NULL),(9,9,0,NULL),(10,10,0,NULL),(11,11,0,NULL),(12,12,0,NULL),(13,13,0,NULL),(14,14,0,NULL),(15,15,0,NULL),(16,16,0,NULL),(17,17,0,NULL),(18,18,0,NULL),(19,19,0,NULL),(20,20,0,'2017-05-23 18:57:39'),(21,21,0,NULL),(22,22,0,NULL),(23,23,0,NULL),(24,24,0,NULL),(25,25,0,NULL),(26,26,0,NULL),(27,27,0,NULL),(28,28,0,NULL),(29,29,0,NULL),(30,30,0,NULL),(31,31,0,NULL),(32,32,0,NULL),(33,33,0,NULL),(34,34,0,NULL),(35,35,0,NULL),(36,36,0,NULL),(37,37,0,NULL),(38,38,0,NULL),(39,39,0,NULL),(40,40,0,NULL),(41,41,0,NULL),(42,42,0,NULL),(43,43,0,NULL),(44,44,0,NULL),(45,45,0,NULL),(46,46,0,NULL),(47,47,0,NULL),(48,48,0,NULL),(49,49,0,NULL),(50,50,0,NULL),(51,51,0,NULL),(52,52,0,NULL),(53,53,0,NULL),(54,54,0,NULL),(55,55,0,NULL),(56,56,0,NULL),(57,57,0,NULL),(58,58,0,NULL),(59,59,0,NULL),(60,60,0,NULL),(61,61,0,NULL),(62,62,1,'2017-06-23 22:36:47'),(63,63,0,NULL),(64,64,0,NULL),(65,65,0,'2017-05-23 19:00:08'),(66,66,0,NULL),(67,67,0,NULL),(68,68,0,NULL),(69,69,0,'2017-05-23 18:59:41'),(70,70,0,NULL),(71,71,0,NULL),(72,72,0,NULL),(73,73,0,NULL),(74,74,0,NULL),(75,75,0,NULL),(76,76,0,NULL),(77,77,0,NULL),(78,78,0,NULL),(79,79,0,NULL),(80,80,0,NULL),(81,81,1,'2017-05-24 16:26:53'),(82,82,0,NULL),(83,83,0,NULL),(84,84,0,NULL),(85,85,0,NULL),(86,86,0,NULL),(87,87,0,NULL),(88,88,0,NULL),(89,89,0,NULL),(90,90,0,NULL),(91,91,0,NULL),(92,92,0,NULL),(93,93,0,NULL),(94,94,0,NULL),(95,95,0,'2017-05-23 18:59:42'),(96,96,0,NULL),(97,97,0,NULL),(98,98,0,NULL),(99,99,0,NULL),(100,100,0,NULL),(101,101,0,NULL),(102,102,0,NULL),(103,103,0,NULL),(104,104,0,NULL),(105,105,0,NULL),(106,106,0,NULL),(107,107,0,NULL),(108,108,0,NULL),(109,109,0,NULL),(110,110,0,NULL),(111,111,0,NULL),(112,112,1,'2017-05-24 16:59:37'),(113,113,0,NULL),(114,114,0,NULL),(115,115,0,NULL),(116,116,0,NULL),(117,117,0,NULL),(118,118,0,NULL),(119,119,0,NULL),(120,120,0,NULL),(121,121,0,NULL),(122,122,0,'2017-05-23 18:59:44'),(123,123,0,NULL),(124,124,0,NULL),(125,125,0,NULL),(126,126,0,NULL),(127,127,0,NULL),(128,128,0,NULL),(129,129,0,NULL),(130,130,0,NULL),(131,131,0,NULL),(132,132,0,NULL),(133,133,0,NULL),(134,134,1,'2017-05-24 16:58:12'),(135,135,0,NULL),(136,136,0,NULL),(137,137,0,NULL),(138,138,0,NULL),(139,139,0,NULL),(140,140,0,NULL),(141,141,0,NULL),(142,142,0,NULL),(143,143,0,NULL),(144,144,0,NULL),(145,145,0,NULL),(146,146,0,NULL),(147,147,0,NULL),(148,148,0,NULL),(149,149,0,NULL),(150,150,1,'2017-05-24 16:58:02'),(151,151,0,NULL),(152,152,0,NULL),(153,153,0,NULL),(154,154,0,'2017-05-23 19:02:12'),(155,155,0,NULL),(156,156,0,NULL),(157,157,0,NULL),(158,158,0,'2017-05-23 18:57:29'),(159,159,0,NULL),(160,160,1,'2017-05-24 16:59:38'),(161,161,0,NULL),(162,162,0,NULL),(163,163,0,'2017-05-23 19:01:39'),(164,164,0,NULL),(165,165,0,NULL),(166,166,0,NULL),(167,167,0,NULL),(168,168,0,NULL),(169,169,0,NULL),(170,170,0,NULL),(171,171,0,NULL),(172,172,0,NULL),(173,173,0,NULL),(174,174,0,NULL),(175,175,0,NULL),(176,176,0,NULL),(177,177,0,NULL),(178,178,0,NULL),(179,179,0,NULL),(180,180,0,NULL),(181,181,0,NULL),(182,182,0,NULL),(183,183,0,'2017-05-23 19:00:06'),(184,184,0,NULL),(185,185,0,NULL),(186,186,0,NULL),(187,187,0,NULL),(188,188,0,NULL),(189,189,0,NULL),(190,190,1,'2017-05-24 16:58:07'),(191,191,1,'2017-07-07 14:49:41'),(192,192,0,NULL),(193,193,1,'2017-05-24 16:59:34'),(194,194,0,NULL),(195,195,0,'2017-05-23 19:03:01'),(196,196,0,NULL),(197,197,0,NULL),(198,198,0,NULL),(199,199,0,NULL),(200,200,0,NULL),(201,201,0,NULL),(202,202,0,NULL),(203,203,0,NULL),(204,204,0,NULL),(205,205,0,NULL),(206,206,0,NULL),(207,207,1,'2017-05-24 16:59:40'),(208,208,0,NULL),(209,209,0,NULL),(210,210,0,NULL),(211,211,0,NULL),(212,212,0,NULL),(213,213,0,NULL),(214,214,0,NULL),(215,215,0,NULL),(217,217,0,NULL),(218,218,0,NULL),(219,219,0,NULL),(220,220,1,'2017-05-24 16:58:09'),(221,221,0,NULL),(222,222,0,NULL),(223,223,0,NULL),(224,224,0,NULL),(225,225,0,NULL),(226,226,0,NULL);
/*!40000 ALTER TABLE `tb_numeros` ENABLE KEYS */;
UNLOCK TABLES;

--
-- Table structure for table `tb_numeros_bandas`
--

DROP TABLE IF EXISTS `tb_numeros_bandas`;
/*!40101 SET @saved_cs_client     = @@character_set_client */;
/*!40101 SET character_set_client = utf8 */;
CREATE TABLE `tb_numeros_bandas` (
  `id` int(11) NOT NULL AUTO_INCREMENT,
  `numeros` int(11) DEFAULT NULL,
  `sorteado` int(2) DEFAULT '0',
  `data` datetime DEFAULT NULL,
  PRIMARY KEY (`id`)
) ENGINE=InnoDB AUTO_INCREMENT=252 DEFAULT CHARSET=latin1;
/*!40101 SET character_set_client = @saved_cs_client */;

--
-- Dumping data for table `tb_numeros_bandas`
--

LOCK TABLES `tb_numeros_bandas` WRITE;
/*!40000 ALTER TABLE `tb_numeros_bandas` DISABLE KEYS */;
INSERT INTO `tb_numeros_bandas` VALUES (228,1,0,'2017-07-07 15:25:08'),(229,2,0,'2017-07-07 15:25:16'),(230,3,0,'2017-07-07 15:25:12'),(231,4,0,'2017-07-07 15:25:23'),(232,5,0,'2017-07-07 15:27:57'),(233,6,0,'2017-07-07 15:12:58'),(234,7,0,NULL),(235,8,0,NULL),(236,9,0,NULL),(237,10,0,'2017-07-07 15:12:45'),(238,11,0,'2017-07-07 15:25:20'),(239,12,0,'2017-07-07 15:12:51'),(240,13,0,'2017-07-07 15:25:24'),(241,14,0,'2017-07-07 15:25:36'),(242,15,0,'2017-07-07 15:12:35'),(243,16,0,'2017-07-07 15:25:40'),(244,17,0,NULL),(245,18,0,'2017-07-07 15:25:34'),(246,19,0,NULL),(247,20,0,'2017-07-07 15:25:14'),(248,21,0,'2017-07-07 15:25:38'),(249,22,0,'2017-07-07 15:25:26'),(250,23,0,'2017-07-07 15:25:41'),(251,24,0,'2017-07-07 15:25:18');
/*!40000 ALTER TABLE `tb_numeros_bandas` ENABLE KEYS */;
UNLOCK TABLES;

--
-- Table structure for table `tb_numeros_bumbaBoi`
--

DROP TABLE IF EXISTS `tb_numeros_bumbaBoi`;
/*!40101 SET @saved_cs_client     = @@character_set_client */;
/*!40101 SET character_set_client = utf8 */;
CREATE TABLE `tb_numeros_bumbaBoi` (
  `id` int(11) NOT NULL AUTO_INCREMENT,
  `numeros` int(11) DEFAULT NULL,
  `sorteado` int(2) DEFAULT '0',
  `data` datetime DEFAULT NULL,
  PRIMARY KEY (`id`)
) ENGINE=InnoDB AUTO_INCREMENT=35 DEFAULT CHARSET=latin1;
/*!40101 SET character_set_client = @saved_cs_client */;

--
-- Dumping data for table `tb_numeros_bumbaBoi`
--

LOCK TABLES `tb_numeros_bumbaBoi` WRITE;
/*!40000 ALTER TABLE `tb_numeros_bumbaBoi` DISABLE KEYS */;
INSERT INTO `tb_numeros_bumbaBoi` VALUES (1,1,0,NULL),(2,2,0,NULL),(3,3,0,NULL),(4,4,1,'2017-07-07 17:17:49'),(5,5,0,'2017-07-07 16:55:56'),(6,6,0,'2017-07-07 16:55:48'),(7,7,0,NULL),(8,8,1,'2017-07-07 17:17:55'),(9,9,0,NULL),(10,10,1,'2017-07-07 17:17:53'),(11,11,0,NULL),(12,12,0,NULL),(13,13,0,'2017-07-07 16:55:52'),(14,14,0,NULL),(15,15,0,NULL),(16,16,0,NULL),(17,17,0,NULL),(18,18,0,NULL),(19,19,1,'2017-07-07 17:17:44'),(20,20,0,NULL),(21,21,0,NULL),(22,22,0,'2017-07-07 16:56:00'),(23,23,0,NULL),(24,24,1,'2017-07-07 17:18:00'),(25,25,0,NULL),(26,26,0,NULL),(27,27,0,NULL),(28,28,0,NULL),(29,29,0,'2017-07-07 16:57:11'),(30,30,0,NULL),(31,31,0,NULL),(32,32,0,NULL),(33,33,0,NULL),(34,34,0,NULL);
/*!40000 ALTER TABLE `tb_numeros_bumbaBoi` ENABLE KEYS */;
UNLOCK TABLES;

--
-- Table structure for table `tb_numeros_tambor`
--

DROP TABLE IF EXISTS `tb_numeros_tambor`;
/*!40101 SET @saved_cs_client     = @@character_set_client */;
/*!40101 SET character_set_client = utf8 */;
CREATE TABLE `tb_numeros_tambor` (
  `id` int(11) NOT NULL AUTO_INCREMENT,
  `numeros` int(11) DEFAULT NULL,
  `sorteado` int(2) DEFAULT '0',
  `data` datetime DEFAULT NULL,
  PRIMARY KEY (`id`)
) ENGINE=InnoDB AUTO_INCREMENT=30 DEFAULT CHARSET=latin1;
/*!40101 SET character_set_client = @saved_cs_client */;

--
-- Dumping data for table `tb_numeros_tambor`
--

LOCK TABLES `tb_numeros_tambor` WRITE;
/*!40000 ALTER TABLE `tb_numeros_tambor` DISABLE KEYS */;
INSERT INTO `tb_numeros_tambor` VALUES (1,1,0,NULL),(2,2,0,NULL),(3,3,0,NULL),(4,4,0,NULL),(5,5,0,NULL),(6,6,0,NULL),(7,7,0,NULL),(8,8,0,NULL),(9,9,0,NULL),(10,10,0,NULL),(11,11,0,NULL),(12,12,0,NULL),(13,13,0,NULL),(14,14,0,NULL),(15,15,0,NULL),(16,16,0,NULL),(17,17,0,NULL),(18,18,0,NULL),(19,19,0,NULL),(20,20,0,NULL),(21,21,0,NULL),(22,22,0,NULL),(23,23,0,NULL),(24,24,0,NULL),(25,25,0,NULL),(26,26,0,NULL),(27,27,0,NULL),(28,28,0,NULL),(29,29,0,NULL);
/*!40000 ALTER TABLE `tb_numeros_tambor` ENABLE KEYS */;
UNLOCK TABLES;
/*!40103 SET TIME_ZONE=@OLD_TIME_ZONE */;

/*!40101 SET SQL_MODE=@OLD_SQL_MODE */;
/*!40014 SET FOREIGN_KEY_CHECKS=@OLD_FOREIGN_KEY_CHECKS */;
/*!40014 SET UNIQUE_CHECKS=@OLD_UNIQUE_CHECKS */;
/*!40101 SET CHARACTER_SET_CLIENT=@OLD_CHARACTER_SET_CLIENT */;
/*!40101 SET CHARACTER_SET_RESULTS=@OLD_CHARACTER_SET_RESULTS */;
/*!40101 SET COLLATION_CONNECTION=@OLD_COLLATION_CONNECTION */;
/*!40111 SET SQL_NOTES=@OLD_SQL_NOTES */;

-- Dump completed on 2017-07-07 17:31:44
